Datetime,Close,High,Low,Open,Volume
2025-03-04 14:30:00+00:00,113.37010192871094,115.13999938964844,111.3499984741211,111.8949966430664,68179374
2025-03-04 14:45:00+00:00,112.93000030517578,115.08000183105469,112.72000122070312,113.37000274658203,19890721
2025-03-04 15:00:00+00:00,111.89990234375,113.19999694824219,111.15029907226562,112.91100311279297,20189870
2025-03-04 15:15:00+00:00,111.61000061035156,111.8949966430664,110.11000061035156,111.88999938964844,19627035
2025-03-04 15:30:00+00:00,112.94000244140625,112.97000122070312,111.03209686279297,111.5999984741211,14015027
2025-03-04 15:45:00+00:00,112.40499877929688,113.30000305175781,111.37999725341797,112.9280014038086,12549737
2025-03-04 16:00:00+00:00,111.83000183105469,112.80000305175781,110.9000015258789,112.36090087890625,10805815
2025-03-04 16:15:00+00:00,111.83000183105469,112.41999816894531,111.41000366210938,111.8499984741211,9420671
2025-03-04 16:30:00+00:00,113.2699966430664,113.87999725341797,111.81999969482422,111.81999969482422,12809340
2025-03-04 16:45:00+00:00,114.38970184326172,115.18000030517578,112.91999816894531,113.26000213623047,13895874
2025-03-04 17:00:00+00:00,114.20600128173828,114.9397964477539,113.86000061035156,114.38400268554688,10252217
2025-03-04 17:15:00+00:00,116.01020050048828,116.5999984741211,114.01000213623047,114.20999908447266,14298196
2025-03-04 17:30:00+00:00,115.9176025390625,116.31099700927734,115.0999984741211,116.01499938964844,10395407
2025-03-04 17:45:00+00:00,115.56009674072266,116.5999984741211,115.21009826660156,115.90499877929688,9197245
2025-03-04 18:00:00+00:00,117.1500015258789,117.58000183105469,115.23999786376953,115.56999969482422,13027504
2025-03-04 18:15:00+00:00,116.19999694824219,117.29000091552734,116.0999984741211,117.13999938964844,7816782
2025-03-04 18:30:00+00:00,116.78250122070312,117.19999694824219,115.87999725341797,116.20999908447266,7540844
2025-03-04 18:45:00+00:00,117.2750015258789,117.58000183105469,116.41999816894531,116.77999877929688,7653708
2025-03-04 19:00:00+00:00,117.36000061035156,117.94999694824219,117.1500015258789,117.2699966430664,8951353
2025-03-04 19:15:00+00:00,117.7698974609375,118.25,117.23999786376953,117.37000274658203,9696376
2025-03-04 19:30:00+00:00,117.74500274658203,117.94000244140625,117.04000091552734,117.76499938964844,8314439
2025-03-04 19:45:00+00:00,118.12000274658203,118.22000122070312,117.62000274658203,117.73999786376953,6554179
2025-03-04 20:00:00+00:00,118.80999755859375,119.05999755859375,117.72000122070312,118.12999725341797,9911615
2025-03-04 20:15:00+00:00,118.88999938964844,119.30999755859375,118.33999633789062,118.81439971923828,9520285
2025-03-04 20:30:00+00:00,117.36000061035156,119.01499938964844,116.62999725341797,118.9000015258789,14572254
2025-03-04 20:45:00+00:00,115.95999908447266,117.54000091552734,115.05000305175781,117.36499786376953,19979874
2025-03-05 14:30:00+00:00,116.36000061035156,118.0,115.04000091552734,117.5199966430664,34198225
2025-03-05 14:45:00+00:00,115.13999938964844,116.58000183105469,114.63999938964844,116.36090087890625,15877408
2025-03-05 15:00:00+00:00,116.10009765625,117.0,115.16999816894531,115.16999816894531,14387197
2025-03-05 15:15:00+00:00,115.97000122070312,116.22440338134766,114.69999694824219,116.05000305175781,13609693
2025-03-05 15:30:00+00:00,116.375,116.86000061035156,115.70999908447266,115.97000122070312,8390327
2025-03-05 15:45:00+00:00,115.91999816894531,116.69999694824219,115.38999938964844,116.29000091552734,9148277
2025-03-05 16:00:00+00:00,115.08000183105469,115.91000366210938,114.69000244140625,115.88999938964844,12942039
2025-03-05 16:15:00+00:00,115.40989685058594,115.5199966430664,114.51000213623047,115.08000183105469,8712474
2025-03-05 16:30:00+00:00,114.65499877929688,115.55000305175781,114.58000183105469,115.4000015258789,7028445
2025-03-05 16:45:00+00:00,115.88999938964844,116.4000015258789,114.5199966430664,114.65499877929688,8388820
2025-03-05 17:00:00+00:00,115.92500305175781,116.3770980834961,115.44999694824219,115.87000274658203,6664602
2025-03-05 17:15:00+00:00,116.56310272216797,116.81999969482422,115.86000061035156,115.91999816894531,6963080
2025-03-05 17:30:00+00:00,116.87000274658203,117.0999984741211,116.30000305175781,116.55999755859375,5856243
2025-03-05 17:45:00+00:00,117.7300033569336,117.91000366210938,116.16000366210938,116.87000274658203,8699373
2025-03-05 18:00:00+00:00,116.94000244140625,117.91000366210938,116.12999725341797,117.72000122070312,8974743
2025-03-05 18:15:00+00:00,116.2699966430664,117.16999816894531,116.11000061035156,116.90160369873047,6132193
2025-03-05 18:30:00+00:00,116.35060119628906,116.80000305175781,115.81999969482422,116.30000305175781,6300826
2025-03-05 18:45:00+00:00,117.33000183105469,117.44000244140625,116.31500244140625,116.3499984741211,5526211
2025-03-05 19:00:00+00:00,117.95999908447266,118.16999816894531,116.88009643554688,117.31999969482422,7125596
2025-03-05 19:15:00+00:00,117.10980224609375,118.2300033569336,117.06439971923828,117.97000122070312,7049615
2025-03-05 19:30:00+00:00,117.10990142822266,117.58999633789062,116.7300033569336,117.11000061035156,5282906
2025-03-05 19:45:00+00:00,117.5145034790039,117.98580169677734,116.91819763183594,117.12999725341797,5866658
2025-03-05 20:00:00+00:00,118.04499816894531,118.2780990600586,117.41000366210938,117.46060180664062,7546624
2025-03-05 20:15:00+00:00,117.66000366210938,118.14900207519531,116.76000213623047,118.05000305175781,7521442
2025-03-05 20:30:00+00:00,117.96990203857422,117.9800033569336,117.18000030517578,117.625,7796551
2025-03-05 20:45:00+00:00,117.29000091552734,118.20899963378906,117.16999816894531,117.95999908447266,13012860
2025-03-06 14:30:00+00:00,113.11910247802734,114.05999755859375,112.30000305175781,113.5,35314366
2025-03-06 14:45:00+00:00,113.58999633789062,114.3499984741211,112.83999633789062,113.11000061035156,14133438
2025-03-06 15:00:00+00:00,114.47899627685547,114.87999725341797,113.29010009765625,113.56999969482422,12816006
2025-03-06 15:15:00+00:00,114.84439849853516,115.3499984741211,114.3208999633789,114.47730255126953,11183091
2025-03-06 15:30:00+00:00,115.12999725341797,115.25,114.44999694824219,114.83999633789062,7113552
2025-03-06 15:45:00+00:00,114.24099731445312,115.33999633789062,113.87000274658203,115.12000274658203,8516097
2025-03-06 16:00:00+00:00,114.71880340576172,115.0,114.2300033569336,114.26000213623047,11482533
2025-03-06 16:15:00+00:00,114.05999755859375,114.83000183105469,113.56999969482422,114.70500183105469,7109783
2025-03-06 16:30:00+00:00,113.30280303955078,114.76000213623047,113.12999725341797,114.04000091552734,8582012
2025-03-06 16:45:00+00:00,112.76000213623047,113.56999969482422,112.70999908447266,113.31999969482422,8847536
2025-03-06 17:00:00+00:00,111.7750015258789,113.04000091552734,111.7300033569336,112.75,12271924
2025-03-06 17:15:00+00:00,111.6355972290039,112.43879699707031,111.20999908447266,111.79000091552734,11605677
2025-03-06 17:30:00+00:00,111.99009704589844,112.29000091552734,111.41000366210938,111.63999938964844,8155051
2025-03-06 17:45:00+00:00,111.56500244140625,112.0,110.94999694824219,111.98999786376953,11038994
2025-03-06 18:00:00+00:00,111.45500183105469,111.73999786376953,111.05000305175781,111.55999755859375,6521383
2025-03-06 18:15:00+00:00,111.53500366210938,112.04000091552734,111.4000015258789,111.45500183105469,7865854
2025-03-06 18:30:00+00:00,110.46499633789062,111.90499877929688,110.44000244140625,111.52999877929688,10194174
2025-03-06 18:45:00+00:00,111.54440307617188,111.62999725341797,110.44999694824219,110.47000122070312,7856565
2025-03-06 19:00:00+00:00,110.9198989868164,111.74500274658203,110.80000305175781,111.54000091552734,6792554
2025-03-06 19:15:00+00:00,110.52999877929688,111.13999938964844,110.33999633789062,110.91000366210938,8928201
2025-03-06 19:30:00+00:00,110.76000213623047,110.98999786376953,110.22000122070312,110.5199966430664,9598106
2025-03-06 19:45:00+00:00,110.84500122070312,112.22000122070312,110.70999908447266,110.7699966430664,12414395
2025-03-06 20:00:00+00:00,111.69000244140625,111.80000305175781,110.51000213623047,110.8499984741211,8717372
2025-03-06 20:15:00+00:00,111.09719848632812,111.8499984741211,110.52189636230469,111.68990325927734,8501932
2025-03-06 20:30:00+00:00,110.61499786376953,111.4999008178711,110.52999877929688,111.08999633789062,10878973
2025-03-06 20:45:00+00:00,110.58000183105469,111.25,110.41000366210938,110.62000274658203,19131598
2025-03-07 14:30:00+00:00,112.0199966430664,112.87999725341797,110.7300033569336,111.18000030517578,34088337
2025-03-07 14:45:00+00:00,112.50499725341797,113.4800033569336,111.86000061035156,112.0250015258789,16675205
2025-03-07 15:00:00+00:00,112.19999694824219,112.9800033569336,111.86009979248047,112.50499725341797,11550698
2025-03-07 15:15:00+00:00,111.04000091552734,112.2300033569336,110.82499694824219,112.20999908447266,13710414
2025-03-07 15:30:00+00:00,110.56159973144531,111.08000183105469,109.51190185546875,111.0199966430664,21802338
2025-03-07 15:45:00+00:00,111.25,111.79000091552734,110.44999694824219,110.56999969482422,14030381
2025-03-07 16:00:00+00:00,110.81890106201172,111.26000213623047,110.51000213623047,111.19999694824219,7896673
2025-03-07 16:15:00+00:00,109.69999694824219,110.88890075683594,109.52999877929688,110.81999969482422,10895359
2025-03-07 16:30:00+00:00,109.30000305175781,110.0,108.5199966430664,109.70500183105469,15301547
2025-03-07 16:45:00+00:00,107.93000030517578,109.40499877929688,107.55999755859375,109.29000091552734,16326988
2025-03-07 17:00:00+00:00,108.13999938964844,108.83999633789062,107.75,107.93499755859375,10673242
2025-03-07 17:15:00+00:00,109.00499725341797,109.11000061035156,107.77999877929688,108.14009857177734,8718351
2025-03-07 17:30:00+00:00,110.25,110.38999938964844,108.69999694824219,109.0,13049339
2025-03-07 17:45:00+00:00,109.49500274658203,110.9999008178711,109.26499938964844,110.25,13719383
2025-03-07 18:00:00+00:00,111.01000213623047,111.29000091552734,109.4800033569336,109.54499816894531,11247178
2025-03-07 18:15:00+00:00,110.50890350341797,111.18000030517578,110.13999938964844,111.05999755859375,7980475
2025-03-07 18:30:00+00:00,111.27999877929688,111.443603515625,110.33000183105469,110.52999877929688,8501796
2025-03-07 18:45:00+00:00,111.2699966430664,111.36000061035156,110.86000061035156,111.27999877929688,7362906
2025-03-07 19:00:00+00:00,111.20500183105469,111.62999725341797,110.5250015258789,111.2699966430664,8043859
2025-03-07 19:15:00+00:00,112.25,112.51499938964844,111.1050033569336,111.19999694824219,10689432
2025-03-07 19:30:00+00:00,111.57499694824219,112.61000061035156,111.42009735107422,112.26000213623047,8026485
2025-03-07 19:45:00+00:00,111.9000015258789,112.13999938964844,111.29499816894531,111.58000183105469,7255947
2025-03-07 20:00:00+00:00,112.44889831542969,112.91999816894531,111.66999816894531,111.89089965820312,9775628
2025-03-07 20:15:00+00:00,112.6050033569336,112.70500183105469,112.05999755859375,112.43000030517578,7401382
2025-03-07 20:30:00+00:00,111.93499755859375,112.72000122070312,111.03500366210938,112.5999984741211,10725214
2025-03-07 20:45:00+00:00,112.7300033569336,113.0999984741211,111.77999877929688,111.88999938964844,18305313
2025-03-10 13:30:00+00:00,111.45359802246094,111.70999908447266,109.23500061035156,110.3499984741211,29306718
2025-03-10 13:45:00+00:00,110.07890319824219,111.8499984741211,109.77999877929688,111.45999908447266,14450646
2025-03-10 14:00:00+00:00,108.94499969482422,110.08000183105469,108.54000091552734,110.07499694824219,16163231
2025-03-10 14:15:00+00:00,108.06439971923828,109.38999938964844,108.01000213623047,108.94889831542969,14710539
2025-03-10 14:30:00+00:00,107.2750015258789,108.47899627685547,107.26000213623047,108.06999969482422,16411121
2025-03-10 14:45:00+00:00,106.19999694824219,107.5,106.18000030517578,107.26499938964844,18844908
2025-03-10 15:00:00+00:00,107.16500091552734,107.25499725341797,106.19999694824219,106.2300033569336,15318755
2025-03-10 15:15:00+00:00,107.658203125,107.80000305175781,106.7300033569336,107.1500015258789,11733423
2025-03-10 15:30:00+00:00,107.7300033569336,108.91999816894531,107.56999969482422,107.66010284423828,14030090
2025-03-10 15:45:00+00:00,107.18000030517578,108.38999938964844,107.04940032958984,107.7300033569336,9915891
2025-03-10 16:00:00+00:00,107.91500091552734,107.9800033569336,106.8499984741211,107.17500305175781,9913566
2025-03-10 16:15:00+00:00,108.08499908447266,108.25,107.5,107.9000015258789,9593714
2025-03-10 16:30:00+00:00,107.82319641113281,108.8499984741211,107.60009765625,108.08999633789062,9643181
2025-03-10 16:45:00+00:00,107.60700225830078,108.0999984741211,107.37000274658203,107.81620025634766,7959824
2025-03-10 17:00:00+00:00,106.85900115966797,107.70999908447266,106.51000213623047,107.61499786376953,10670471
2025-03-10 17:15:00+00:00,107.06009674072266,107.55999755859375,106.75,106.8499984741211,8343268
2025-03-10 17:30:00+00:00,106.68499755859375,107.20999908447266,106.55000305175781,107.05500030517578,7144716
2025-03-10 17:45:00+00:00,106.7699966430664,107.06999969482422,106.30000305175781,106.68000030517578,8759547
2025-03-10 18:00:00+00:00,106.96749877929688,107.2300033569336,106.2300033569336,106.78500366210938,8460690
2025-03-10 18:15:00+00:00,106.76000213623047,107.2968978881836,106.5199966430664,106.9749984741211,7138453
2025-03-10 18:30:00+00:00,106.82499694824219,107.19000244140625,106.66000366210938,106.76000213623047,5722408
2025-03-10 18:45:00+00:00,105.9573974609375,106.97000122070312,105.83999633789062,106.81999969482422,8955474
2025-03-10 19:00:00+00:00,106.23999786376953,106.30000305175781,105.45999908447266,105.94999694824219,15214824
2025-03-10 19:15:00+00:00,106.64990234375,107.4000015258789,106.222900390625,106.23999786376953,14734992
2025-03-10 19:30:00+00:00,106.62000274658203,107.91000366210938,106.5999984741211,106.6500015258789,15657804
2025-03-10 19:45:00+00:00,107.0199966430664,107.51499938964844,106.29000091552734,106.62000274658203,23428270
2025-03-11 13:30:00+00:00,109.35449981689453,110.48999786376953,106.22000122070312,107.00499725341797,40063942
2025-03-11 13:45:00+00:00,109.4800033569336,110.98999786376953,109.16000366210938,109.35289764404297,20318471
2025-03-11 14:00:00+00:00,108.63999938964844,110.30130004882812,107.7699966430664,109.48999786376953,20470107
2025-03-11 14:15:00+00:00,106.30999755859375,109.02999877929688,106.0999984741211,108.63999938964844,16626170
2025-03-11 14:30:00+00:00,106.0,107.30000305175781,104.7699966430664,106.30500030517578,21949450
2025-03-11 14:45:00+00:00,106.43499755859375,107.38999938964844,105.69010162353516,106.0199966430664,13717828
2025-03-11 15:00:00+00:00,109.16500091552734,109.44000244140625,106.08999633789062,106.43499755859375,15364007
2025-03-11 15:15:00+00:00,108.8949966430664,109.47000122070312,108.26499938964844,109.18499755859375,9964578
2025-03-11 15:30:00+00:00,110.15989685058594,110.5999984741211,108.79000091552734,108.87999725341797,12206343
2025-03-11 15:45:00+00:00,109.04000091552734,110.23999786376953,108.97000122070312,110.1449966430664,8711834
2025-03-11 16:00:00+00:00,108.44000244140625,109.4000015258789,108.27999877929688,109.0199966430664,9079916
2025-03-11 16:15:00+00:00,108.81999969482422,109.19000244140625,108.37000274658203,108.45999908447266,6589550
2025-03-11 16:30:00+00:00,108.4397964477539,109.4000015258789,108.32499694824219,108.80500030517578,8109530
2025-03-11 16:45:00+00:00,108.20500183105469,109.04519653320312,108.03500366210938,108.44000244140625,5635090
2025-03-11 17:00:00+00:00,108.29499816894531,108.6698989868164,107.8499984741211,108.22000122070312,6520686
2025-03-11 17:15:00+00:00,107.55999755859375,108.73500061035156,107.4800033569336,108.31999969482422,7970222
2025-03-11 17:30:00+00:00,108.58000183105469,108.58999633789062,107.44999694824219,107.56500244140625,7355300
2025-03-11 17:45:00+00:00,108.9800033569336,109.27999877929688,108.4000015258789,108.5728988647461,7716564
2025-03-11 18:00:00+00:00,110.19000244140625,110.26000213623047,108.85990142822266,108.9800033569336,9640075
2025-03-11 18:15:00+00:00,110.43000030517578,110.73999786376953,109.79000091552734,110.18000030517578,8278830
2025-03-11 18:30:00+00:00,110.94000244140625,111.97000122070312,109.9800033569336,110.44000244140625,8705212
2025-03-11 18:45:00+00:00,111.73999786376953,112.23600006103516,110.76000213623047,110.93000030517578,14734496
2025-03-11 19:00:00+00:00,110.9000015258789,111.93000030517578,110.62000274658203,111.76000213623047,11333776
2025-03-11 19:15:00+00:00,110.80860137939453,111.23999786376953,110.13999938964844,110.87000274658203,10942744
2025-03-11 19:30:00+00:00,110.61009979248047,111.02989959716797,110.20999908447266,110.80999755859375,8298635
2025-03-11 19:45:00+00:00,108.63999938964844,110.9800033569336,108.63999938964844,110.61000061035156,16588983
2025-03-12 13:30:00+00:00,115.27999877929688,116.76000213623047,113.91999816894531,114.12000274658203,52162708
2025-03-12 13:45:00+00:00,115.38999938964844,116.06999969482422,114.58000183105469,115.8499984741211,19239135
2025-03-12 14:00:00+00:00,114.5999984741211,116.19999694824219,114.37999725341797,115.37000274658203,17425084
2025-03-12 14:15:00+00:00,114.65010070800781,115.11000061035156,113.87999725341797,114.60900115966797,15133135
2025-03-12 14:30:00+00:00,113.7300033569336,114.77999877929688,113.41000366210938,114.6500015258789,12655098
2025-03-12 14:45:00+00:00,114.13069915771484,115.2291030883789,113.6500015258789,113.69999694824219,11487658
2025-03-12 15:00:00+00:00,113.40989685058594,114.3499984741211,112.87999725341797,114.13500213623047,13234495
2025-03-12 15:15:00+00:00,114.51000213623047,114.67500305175781,113.28500366210938,113.41110229492188,9755652
2025-03-12 15:30:00+00:00,115.08999633789062,115.20999908447266,114.36009979248047,114.51090240478516,8278497
2025-03-12 15:45:00+00:00,115.43000030517578,115.5250015258789,114.77999877929688,115.08999633789062,8382562
2025-03-12 16:00:00+00:00,116.05000305175781,116.19000244140625,114.9000015258789,115.43000030517578,9190295
2025-03-12 16:15:00+00:00,115.83499908447266,116.15499877929688,115.65010070800781,116.05999755859375,7781955
2025-03-12 16:30:00+00:00,115.56500244140625,116.5999984741211,115.44000244140625,115.8499984741211,10249504
2025-03-12 16:45:00+00:00,115.8550033569336,116.43499755859375,115.44999694824219,115.56999969482422,8625913
2025-03-12 17:00:00+00:00,115.97000122070312,116.18000030517578,115.5,115.86000061035156,6985483
2025-03-12 17:15:00+00:00,116.11499786376953,116.23999786376953,115.69000244140625,115.9749984741211,5446072
2025-03-12 17:30:00+00:00,115.61180114746094,116.26000213623047,115.59500122070312,116.11000061035156,5099970
2025-03-12 17:45:00+00:00,114.47029876708984,115.80000305175781,114.30000305175781,115.61000061035156,9214812
2025-03-12 18:00:00+00:00,114.97010040283203,115.0999984741211,114.33170318603516,114.4749984741211,8439879
2025-03-12 18:15:00+00:00,115.55500030517578,115.55999755859375,114.88999938964844,114.97000122070312,6918677
2025-03-12 18:30:00+00:00,115.9198989868164,115.9800033569336,115.37000274658203,115.55999755859375,6204980
2025-03-12 18:45:00+00:00,115.78990173339844,116.04000091552734,115.44999694824219,115.91999816894531,6014688
2025-03-12 19:00:00+00:00,115.7300033569336,115.9800033569336,115.56999969482422,115.77999877929688,6259476
2025-03-12 19:15:00+00:00,115.44999694824219,115.83000183105469,115.08000183105469,115.72129821777344,7381891
2025-03-12 19:30:00+00:00,115.2750015258789,115.73999786376953,115.14009857177734,115.43000030517578,7199253
2025-03-12 19:45:00+00:00,115.73999786376953,115.97989654541016,114.9800033569336,115.27999877929688,17828167
2025-03-13 13:30:00+00:00,115.19000244140625,117.0199966430664,115.02999877929688,117.0199966430664,33288422
2025-03-13 13:45:00+00:00,114.41000366210938,116.1500015258789,113.95999908447266,115.20999908447266,17081913
2025-03-13 14:00:00+00:00,116.06999969482422,116.11000061035156,113.79000091552734,114.41000366210938,16089084
2025-03-13 14:15:00+00:00,116.65499877929688,117.76000213623047,116.01000213623047,116.08000183105469,18900088
2025-03-13 14:30:00+00:00,116.12000274658203,117.25,115.86000061035156,116.65499877929688,11672186
2025-03-13 14:45:00+00:00,116.48500061035156,116.98999786376953,115.69000244140625,116.11000061035156,10238211
2025-03-13 15:00:00+00:00,115.77999877929688,117.05000305175781,115.61000061035156,116.48500061035156,9788995
2025-03-13 15:15:00+00:00,116.08000183105469,116.69999694824219,115.7300033569336,115.79000091552734,7562817
2025-03-13 15:30:00+00:00,116.45999908447266,116.69999694824219,115.41000366210938,116.08000183105469,9854092
2025-03-13 15:45:00+00:00,115.70999908447266,116.58999633789062,115.44000244140625,116.44999694824219,9090120
2025-03-13 16:00:00+00:00,115.98149871826172,116.38999938964844,115.56999969482422,115.72000122070312,7261639
2025-03-13 16:15:00+00:00,115.86090087890625,116.36910247802734,115.62999725341797,115.9822998046875,5426668
2025-03-13 16:30:00+00:00,115.9749984741211,116.80000305175781,115.61000061035156,115.8499984741211,7701328
2025-03-13 16:45:00+00:00,115.50389862060547,116.0999984741211,115.12000274658203,115.95999908447266,8630770
2025-03-13 17:00:00+00:00,115.13009643554688,115.86000061035156,114.80999755859375,115.5,6852312
2025-03-13 17:15:00+00:00,115.26499938964844,115.30000305175781,114.44999694824219,115.1449966430664,7363739
2025-03-13 17:30:00+00:00,115.31999969482422,115.5250015258789,115.11019897460938,115.26499938964844,6506241
2025-03-13 17:45:00+00:00,115.46009826660156,115.9800033569336,115.19999694824219,115.30000305175781,6604372
2025-03-13 18:00:00+00:00,116.74500274658203,116.83000183105469,115.4000015258789,115.45999908447266,9043727
2025-03-13 18:15:00+00:00,116.94999694824219,116.94999694824219,116.31500244140625,116.75,6010226
2025-03-13 18:30:00+00:00,117.4800033569336,117.52999877929688,116.7249984741211,116.94999694824219,8048105
2025-03-13 18:45:00+00:00,117.29989624023438,117.56999969482422,116.7300033569336,117.4800033569336,8175426
2025-03-13 19:00:00+00:00,116.83999633789062,117.7300033569336,116.44999694824219,117.29000091552734,8516210
2025-03-13 19:15:00+00:00,116.00499725341797,116.91000366210938,115.88999938964844,116.8499984741211,7027909
2025-03-13 19:30:00+00:00,115.66500091552734,116.3499984741211,115.23999786376953,116.01000213623047,9872712
2025-03-13 19:45:00+00:00,115.70999908447266,116.26000213623047,115.12000274658203,115.66999816894531,16552865
2025-03-14 13:30:00+00:00,119.81990051269531,120.46499633789062,118.1500015258789,118.62000274658203,38775286
2025-03-14 13:45:00+00:00,119.7300033569336,120.56500244140625,119.37000274658203,119.81819915771484,14602054
2025-03-14 14:00:00+00:00,119.29000091552734,120.2699966430664,118.95999908447266,119.68000030517578,15519016
2025-03-14 14:15:00+00:00,119.52490234375,120.12000274658203,119.06999969482422,119.29000091552734,11158319
2025-03-14 14:30:00+00:00,120.41010284423828,120.68000030517578,119.5000991821289,119.52899932861328,10692916
2025-03-14 14:45:00+00:00,120.26000213623047,120.55000305175781,119.8499984741211,120.41000366210938,8663737
2025-03-14 15:00:00+00:00,120.59629821777344,120.95999908447266,120.20999908447266,120.25,9946848
2025-03-14 15:15:00+00:00,120.93000030517578,121.19000244140625,120.55500030517578,120.5999984741211,8405274
2025-03-14 15:30:00+00:00,121.73500061035156,121.87999725341797,120.77999877929688,120.93000030517578,10415845
2025-03-14 15:45:00+00:00,120.9186019897461,121.78500366210938,120.81999969482422,121.75,9278124
2025-03-14 16:00:00+00:00,120.66000366210938,121.05000305175781,120.5,120.91999816894531,7670702
2025-03-14 16:15:00+00:00,120.51499938964844,120.98999786376953,120.5,120.6500015258789,6529283
2025-03-14 16:30:00+00:00,121.02999877929688,121.08999633789062,120.36000061035156,120.51010131835938,5948632
2025-03-14 16:45:00+00:00,120.87999725341797,121.28500366210938,120.80999755859375,121.03500366210938,5673532
2025-03-14 17:00:00+00:00,120.83499908447266,121.07640075683594,120.61019897460938,120.87000274658203,5373067
2025-03-14 17:15:00+00:00,120.54499816894531,121.05000305175781,120.37999725341797,120.83000183105469,5389003
2025-03-14 17:30:00+00:00,120.41000366210938,120.79000091552734,120.37000274658203,120.54000091552734,4487275
2025-03-14 17:45:00+00:00,120.42440032958984,120.8593978881836,120.27999877929688,120.4000015258789,5097340
2025-03-14 18:00:00+00:00,120.38500213623047,120.76000213623047,120.31999969482422,120.43000030517578,4940051
2025-03-14 18:15:00+00:00,120.2750015258789,120.45999908447266,120.11000061035156,120.38999938964844,5070769
2025-03-14 18:30:00+00:00,120.64929962158203,120.73999786376953,120.25,120.27999877929688,5666439
2025-03-14 18:45:00+00:00,120.58999633789062,120.86000061035156,120.37000274658203,120.64990234375,5364210
2025-03-14 19:00:00+00:00,120.9749984741211,121.06849670410156,120.41500091552734,120.58000183105469,7222296
2025-03-14 19:15:00+00:00,120.58499908447266,121.01000213623047,120.52999877929688,120.97820281982422,5482028
2025-03-14 19:30:00+00:00,120.86499786376953,121.0,120.58000183105469,120.58999633789062,6897222
2025-03-14 19:45:00+00:00,121.44999694824219,121.80000305175781,120.72000122070312,120.86499786376953,22216229
2025-03-17 13:30:00+00:00,121.2301025390625,122.88999938964844,121.13999938964844,122.73750305175781,32837073
2025-03-17 13:45:00+00:00,121.12000274658203,121.51000213623047,120.05000305175781,121.23999786376953,17730242
2025-03-17 14:00:00+00:00,121.12999725341797,121.30000305175781,120.37000274658203,121.12999725341797,11858568
2025-03-17 14:15:00+00:00,119.53500366210938,121.19999694824219,119.5,121.12999725341797,12069921
2025-03-17 14:30:00+00:00,120.16000366210938,120.2699966430664,119.37000274658203,119.54000091552734,10510673
2025-03-17 14:45:00+00:00,119.33000183105469,120.23999786376953,119.08000183105469,120.15499877929688,8656499
2025-03-17 15:00:00+00:00,119.4989013671875,119.72000122070312,118.87999725341797,119.3499984741211,9252978
2025-03-17 15:15:00+00:00,119.29499816894531,119.87000274658203,119.2300033569336,119.5,6257153
2025-03-17 15:30:00+00:00,119.25990295410156,119.54000091552734,118.9749984741211,119.30500030517578,6306105
2025-03-17 15:45:00+00:00,119.3053970336914,119.70999908447266,119.17500305175781,119.26499938964844,5293780
2025-03-17 16:00:00+00:00,119.44159698486328,119.58999633789062,119.0,119.30999755859375,4888542
2025-03-17 16:15:00+00:00,118.36509704589844,119.52999877929688,118.27999877929688,119.44999694824219,8444972
2025-03-17 16:30:00+00:00,118.24500274658203,118.66999816894531,118.02999877929688,118.37000274658203,8360389
2025-03-17 16:45:00+00:00,118.66000366210938,118.8499984741211,118.08999633789062,118.25,5711350
2025-03-17 17:00:00+00:00,118.73819732666016,118.97000122070312,118.3499984741211,118.66000366210938,5355038
2025-03-17 17:15:00+00:00,119.17489624023438,119.25,118.52999877929688,118.73989868164062,5312880
2025-03-17 17:30:00+00:00,119.31839752197266,119.5,119.0,119.17500305175781,5729336
2025-03-17 17:45:00+00:00,119.20010375976562,119.6500015258789,119.05999755859375,119.31999969482422,5588600
2025-03-17 18:00:00+00:00,119.76499938964844,119.80000305175781,119.12999725341797,119.19999694824219,5147655
2025-03-17 18:15:00+00:00,120.5,120.56999969482422,119.75,119.7615966796875,7928586
2025-03-17 18:30:00+00:00,120.54290008544922,120.80000305175781,120.38780212402344,120.48999786376953,6592577
2025-03-17 18:45:00+00:00,120.69979858398438,121.08000183105469,120.5199966430664,120.54499816894531,7500278
2025-03-17 19:00:00+00:00,120.73429870605469,120.86000061035156,120.33999633789062,120.69400024414062,6295072
2025-03-17 19:15:00+00:00,120.3644027709961,120.73999786376953,120.2300033569336,120.73500061035156,4902011
2025-03-17 19:30:00+00:00,119.9551010131836,120.46499633789062,119.8499984741211,120.36000061035156,6808755
2025-03-17 19:45:00+00:00,119.4800033569336,120.27999877929688,119.41999816894531,119.94999694824219,14779678
2025-03-18 13:30:00+00:00,115.77980041503906,118.5199966430664,115.69999694824219,118.24500274658203,30055427
2025-03-18 13:45:00+00:00,115.08000183105469,116.4000015258789,114.8499984741211,115.77799987792969,18525647
2025-03-18 14:00:00+00:00,115.0199966430664,115.68000030517578,114.54000091552734,115.08999633789062,13369409
2025-03-18 14:15:00+00:00,115.83999633789062,115.9800033569336,114.81999969482422,115.05000305175781,10340749
2025-03-18 14:30:00+00:00,115.79499816894531,116.36959838867188,115.61000061035156,115.83000183105469,10684783
2025-03-18 14:45:00+00:00,116.27999877929688,116.44999694824219,115.55000305175781,115.79000091552734,7083305
2025-03-18 15:00:00+00:00,116.55999755859375,116.62000274658203,115.4800033569336,116.27999877929688,8279187
2025-03-18 15:15:00+00:00,116.75499725341797,116.95999908447266,116.31999969482422,116.56900024414062,7494758
2025-03-18 15:30:00+00:00,116.73989868164062,117.08000183105469,116.56999969482422,116.75499725341797,6589227
2025-03-18 15:45:00+00:00,116.41999816894531,117.04000091552734,116.1801986694336,116.73870086669922,5749062
2025-03-18 16:00:00+00:00,117.4749984741211,117.5,116.32499694824219,116.42500305175781,6902403
2025-03-18 16:15:00+00:00,117.63999938964844,117.68000030517578,117.19999694824219,117.4800033569336,7600771
2025-03-18 16:30:00+00:00,117.24700164794922,117.87999725341797,117.22000122070312,117.63999938964844,6625064
2025-03-18 16:45:00+00:00,118.38999938964844,118.7300033569336,117.08499908447266,117.24909973144531,7987853
2025-03-18 17:00:00+00:00,118.89990234375,118.9800033569336,117.8499984741211,118.37000274658203,10515783
2025-03-18 17:15:00+00:00,117.15499877929688,119.0199966430664,116.94000244140625,118.9000015258789,11912785
2025-03-18 17:30:00+00:00,116.62000274658203,117.6500015258789,116.5199966430664,117.16999816894531,10783436
2025-03-18 17:45:00+00:00,116.875,117.38999938964844,116.55999755859375,116.62000274658203,9847511
2025-03-18 18:00:00+00:00,115.80999755859375,116.91690063476562,115.7406997680664,116.87999725341797,9790179
2025-03-18 18:15:00+00:00,116.63870239257812,116.94999694824219,115.76000213623047,115.80500030517578,8237308
2025-03-18 18:30:00+00:00,116.57689666748047,117.06990051269531,116.27999877929688,116.63999938964844,7508072
2025-03-18 18:45:00+00:00,117.03289794921875,117.58000183105469,116.4800033569336,116.55999755859375,9092656
2025-03-18 19:00:00+00:00,116.58000183105469,117.29000091552734,116.39360046386719,117.0199966430664,6905910
2025-03-18 19:15:00+00:00,116.13500213623047,116.95999908447266,115.97000122070312,116.57749938964844,8979685
2025-03-18 19:30:00+00:00,115.4749984741211,116.29000091552734,115.37999725341797,116.13999938964844,8606788
2025-03-18 19:45:00+00:00,115.58000183105469,115.87000274658203,114.94999694824219,115.4749984741211,17985988
2025-03-19 13:30:00+00:00,116.09400177001953,118.16000366210938,115.68000030517578,117.30500030517578,27960208
2025-03-19 13:45:00+00:00,116.89730072021484,117.4000015258789,116.16500091552734,116.32499694824219,12567213
2025-03-19 14:00:00+00:00,117.63999938964844,118.0,116.9000015258789,116.91000366210938,13695494
2025-03-19 14:15:00+00:00,116.98999786376953,117.81999969482422,116.87000274658203,117.64009857177734,10102000
2025-03-19 14:30:00+00:00,116.518798828125,117.27999877929688,116.41999816894531,116.98570251464844,7583955
2025-03-19 14:45:00+00:00,116.42610168457031,116.81999969482422,116.3499984741211,116.5000991821289,5793282
2025-03-19 15:00:00+00:00,117.15499877929688,117.37000274658203,116.29499816894531,116.41500091552734,6603698
2025-03-19 15:15:00+00:00,117.24500274658203,117.41999816894531,116.77999877929688,117.16000366210938,5375293
2025-03-19 15:30:00+00:00,117.62010192871094,117.63999938964844,117.0199966430664,117.24500274658203,4708305
2025-03-19 15:45:00+00:00,117.55999755859375,117.72000122070312,117.34500122070312,117.62999725341797,5865029
2025-03-19 16:00:00+00:00,117.55999755859375,118.0999984741211,117.0,117.55000305175781,10715556
2025-03-19 16:15:00+00:00,118.0250015258789,118.08000183105469,117.28009796142578,117.55999755859375,5526698
2025-03-19 16:30:00+00:00,117.80000305175781,118.0250015258789,117.63999938964844,118.0199966430664,4120386
2025-03-19 16:45:00+00:00,118.00990295410156,118.12999725341797,117.6719970703125,117.80000305175781,4755121
2025-03-19 17:00:00+00:00,117.57730102539062,118.25,117.54000091552734,118.0,5954748
2025-03-19 17:15:00+00:00,117.45860290527344,117.69999694824219,117.2699966430664,117.56500244140625,5108607
2025-03-19 17:30:00+00:00,117.81999969482422,118.2300033569336,117.33699798583984,117.45999908447266,5765854
2025-03-19 17:45:00+00:00,117.86499786376953,117.99099731445312,117.54000091552734,117.82640075683594,4656885
2025-03-19 18:00:00+00:00,118.86900329589844,118.9000015258789,117.58999633789062,117.80999755859375,11297179
2025-03-19 18:15:00+00:00,118.53600311279297,119.26000213623047,118.43000030517578,118.86000061035156,9988310
2025-03-19 18:30:00+00:00,119.06999969482422,119.26000213623047,118.51000213623047,118.53099822998047,8789494
2025-03-19 18:45:00+00:00,119.56999969482422,119.58000183105469,118.83999633789062,119.06999969482422,8252516
2025-03-19 19:00:00+00:00,120.01499938964844,120.44499969482422,119.5250015258789,119.55999755859375,13426007
2025-03-19 19:15:00+00:00,118.25,120.14990234375,118.18000030517578,120.0199966430664,12465032
2025-03-19 19:30:00+00:00,119.05000305175781,119.08000183105469,117.93000030517578,118.26499938964844,12269434
2025-03-19 19:45:00+00:00,117.5199966430664,119.05999755859375,117.38999938964844,119.05999755859375,16593911
2025-03-20 13:30:00+00:00,118.45339965820312,119.44000244140625,116.76000213623047,117.23500061035156,30317903
2025-03-20 13:45:00+00:00,118.41500091552734,119.05000305175781,118.05000305175781,118.44999694824219,10226505
2025-03-20 14:00:00+00:00,118.44999694824219,119.25070190429688,118.31999969482422,118.43000030517578,9841648
2025-03-20 14:15:00+00:00,118.9000015258789,119.19999694824219,118.16000366210938,118.45500183105469,8826240
2025-03-20 14:30:00+00:00,119.44329833984375,119.5199966430664,118.68009948730469,118.91000366210938,8078779
2025-03-20 14:45:00+00:00,119.1050033569336,119.58000183105469,119.00499725341797,119.45999908447266,7183659
2025-03-20 15:00:00+00:00,119.87860107421875,119.90499877929688,118.9000015258789,119.1050033569336,8562600
2025-03-20 15:15:00+00:00,119.62999725341797,119.88999938964844,119.43000030517578,119.87000274658203,5648625
2025-03-20 15:30:00+00:00,119.72010040283203,119.7699966430664,118.9000015258789,119.63980102539062,12651702
2025-03-20 15:45:00+00:00,119.41000366210938,120.19999694824219,119.34500122070312,119.72000122070312,9381569
2025-03-20 16:00:00+00:00,119.19450378417969,119.83000183105469,118.97000122070312,119.41000366210938,6775751
2025-03-20 16:15:00+00:00,118.29000091552734,119.33999633789062,118.18990325927734,119.19999694824219,7503774
2025-03-20 16:30:00+00:00,118.04869842529297,118.7750015258789,117.81999969482422,118.30999755859375,7082138
2025-03-20 16:45:00+00:00,118.06500244140625,118.54000091552734,117.94000244140625,118.0553970336914,5707585
2025-03-20 17:00:00+00:00,118.55120086669922,118.69999694824219,117.9800033569336,118.05000305175781,11951914
2025-03-20 17:15:00+00:00,117.88899993896484,118.5999984741211,117.8499984741211,118.55500030517578,4728106
2025-03-20 17:30:00+00:00,118.5072021484375,118.52999877929688,117.83999633789062,117.9000015258789,4980324
2025-03-20 17:45:00+00:00,118.33999633789062,118.67500305175781,118.11009979248047,118.5,4153185
2025-03-20 18:00:00+00:00,118.91000366210938,119.0,118.27999877929688,118.33000183105469,5384850
2025-03-20 18:15:00+00:00,118.0791015625,119.06999969482422,118.02999877929688,118.9000015258789,6077115
2025-03-20 18:30:00+00:00,117.88999938964844,118.30000305175781,117.73999786376953,118.06500244140625,6363339
2025-03-20 18:45:00+00:00,118.01000213623047,118.56999969482422,117.73999786376953,117.8949966430664,6060225
2025-03-20 19:00:00+00:00,118.29499816894531,118.5,117.94999694824219,118.0,4111609
2025-03-20 19:15:00+00:00,118.04499816894531,118.68000030517578,118.0,118.29129791259766,5442805
2025-03-20 19:30:00+00:00,118.568603515625,118.66000366210938,118.05000305175781,118.05000305175781,5113473
2025-03-20 19:45:00+00:00,118.47000122070312,118.91999816894531,118.18000030517578,118.54499816894531,13206743
2025-03-21 13:30:00+00:00,115.98999786376953,117.66999816894531,115.41999816894531,116.95800018310547,44583799
2025-03-21 13:45:00+00:00,116.08499908447266,116.79000091552734,115.73500061035156,115.9800033569336,10955789
2025-03-21 14:00:00+00:00,115.94999694824219,116.37999725341797,115.52890014648438,116.07499694824219,10700578
2025-03-21 14:15:00+00:00,116.46939849853516,117.0999984741211,115.75440216064453,115.94000244140625,10768237
2025-03-21 14:30:00+00:00,116.43499755859375,116.69000244140625,116.04000091552734,116.47000122070312,7107491
2025-03-21 14:45:00+00:00,116.79000091552734,116.80000305175781,116.0199966430664,116.43499755859375,5808526
2025-03-21 15:00:00+00:00,116.44499969482422,117.05000305175781,116.4000015258789,116.79570007324219,6000689
2025-03-21 15:15:00+00:00,116.29000091552734,116.61000061035156,116.22000122070312,116.44000244140625,4822768
2025-03-21 15:30:00+00:00,116.3499984741211,116.7300033569336,116.2699966430664,116.29499816894531,4770574
2025-03-21 15:45:00+00:00,116.69010162353516,116.88999938964844,116.31999969482422,116.33999633789062,5015572
2025-03-21 16:00:00+00:00,117.1449966430664,117.27989959716797,116.44000244140625,116.69000244140625,5777905
2025-03-21 16:15:00+00:00,117.3499984741211,117.62999725341797,117.0999984741211,117.1500015258789,6614525
2025-03-21 16:30:00+00:00,117.39929962158203,117.86000061035156,117.30000305175781,117.3550033569336,6131317
2025-03-21 16:45:00+00:00,117.97000122070312,117.98999786376953,117.4000015258789,117.4000015258789,5497843
2025-03-21 17:00:00+00:00,117.26509857177734,117.9749984741211,117.20999908447266,117.9749984741211,10715860
2025-03-21 17:15:00+00:00,117.06500244140625,117.31999969482422,116.97000122070312,117.2699966430664,4885559
2025-03-21 17:30:00+00:00,117.36499786376953,117.4800033569336,116.81999969482422,117.06500244140625,4933018
2025-03-21 17:45:00+00:00,117.27999877929688,117.55999755859375,117.19999694824219,117.37000274658203,3370554
2025-03-21 18:00:00+00:00,117.4000015258789,117.55000305175781,117.25,117.2750015258789,3401378
2025-03-21 18:15:00+00:00,117.19110107421875,117.44000244140625,117.08000183105469,117.38999938964844,3060717
2025-03-21 18:30:00+00:00,117.38800048828125,117.41000366210938,116.9800033569336,117.19000244140625,4187472
2025-03-21 18:45:00+00:00,117.18000030517578,117.38999938964844,117.06999969482422,117.37999725341797,3487712
2025-03-21 19:00:00+00:00,116.94999694824219,117.20999908447266,116.7300033569336,117.19000244140625,5047802
2025-03-21 19:15:00+00:00,116.78500366210938,117.0,116.68499755859375,116.94999694824219,5174718
2025-03-21 19:30:00+00:00,116.65499877929688,116.86000061035156,116.58999633789062,116.77999877929688,5600017
2025-03-21 19:45:00+00:00,117.63500213623047,117.80000305175781,116.4000015258789,116.6500015258789,18188343
2025-03-24 13:30:00+00:00,120.13500213623047,121.06999969482422,119.58000183105469,119.88999938964844,28192421
2025-03-24 13:45:00+00:00,120.03500366210938,120.48999786376953,119.62000274658203,120.15499877929688,11073108
2025-03-24 14:00:00+00:00,120.13500213623047,120.44999694824219,119.33999633789062,120.05000305175781,11137627
2025-03-24 14:15:00+00:00,120.4800033569336,120.58000183105469,119.97000122070312,120.12999725341797,9697269
2025-03-24 14:30:00+00:00,121.13130187988281,121.16999816894531,120.33000183105469,120.47000122070312,9493522
2025-03-24 14:45:00+00:00,121.71499633789062,121.94000244140625,121.05000305175781,121.12999725341797,10026063
2025-03-24 15:00:00+00:00,122.04329681396484,122.0999984741211,121.51000213623047,121.71499633789062,8492285
2025-03-24 15:15:00+00:00,122.04000091552734,122.22000122070312,121.9000015258789,122.05500030517578,6030016
2025-03-24 15:30:00+00:00,121.48999786376953,122.05999755859375,121.41500091552734,122.04010009765625,6094758
2025-03-24 15:45:00+00:00,121.69000244140625,121.79000091552734,121.3499984741211,121.49500274658203,4956777
2025-03-24 16:00:00+00:00,122.1449966430664,122.16999816894531,121.62999725341797,121.68499755859375,5139206
2025-03-24 16:15:00+00:00,121.75,122.22000122070312,121.70999908447266,122.14399719238281,5238962
2025-03-24 16:30:00+00:00,121.83499908447266,121.98930358886719,121.61009979248047,121.75499725341797,3619426
2025-03-24 16:45:00+00:00,121.90989685058594,122.08000183105469,121.79000091552734,121.83499908447266,3384981
2025-03-24 17:00:00+00:00,121.70010375976562,122.0,121.61499786376953,121.908203125,3250505
2025-03-24 17:15:00+00:00,121.72879791259766,121.74849700927734,121.37999725341797,121.70500183105469,5254521
2025-03-24 17:30:00+00:00,121.84100341796875,121.9800033569336,121.62000274658203,121.7249984741211,3439884
2025-03-24 17:45:00+00:00,121.83999633789062,121.94999694824219,121.68000030517578,121.84010314941406,2803009
2025-03-24 18:00:00+00:00,121.62999725341797,121.94999694824219,121.55999755859375,121.8499984741211,3494090
2025-03-24 18:15:00+00:00,121.81500244140625,121.94000244140625,121.58000183105469,121.63500213623047,3327317
2025-03-24 18:30:00+00:00,121.9749984741211,122.05000305175781,121.6500015258789,121.81500244140625,4373797
2025-03-24 18:45:00+00:00,121.90499877929688,121.99819946289062,121.68009948730469,121.97989654541016,3627711
2025-03-24 19:00:00+00:00,121.90499877929688,122.08000183105469,121.83000183105469,121.91000366210938,4327934
2025-03-24 19:15:00+00:00,121.79499816894531,122.05000305175781,121.7300033569336,121.90499877929688,4234038
2025-03-24 19:30:00+00:00,121.75199890136719,121.87000274658203,121.44000244140625,121.79499816894531,6554352
2025-03-24 19:45:00+00:00,121.2300033569336,122.00990295410156,121.2300033569336,121.75499725341797,13083954
2025-03-25 13:30:00+00:00,119.875,120.94000244140625,119.51000213623047,120.56749725341797,26573888
2025-03-25 13:45:00+00:00,119.47000122070312,119.98999786376953,118.91999816894531,119.875,12999726
2025-03-25 14:00:00+00:00,119.76000213623047,119.79000091552734,119.1500015258789,119.5,8415829
2025-03-25 14:15:00+00:00,119.9800033569336,119.9800033569336,119.55010223388672,119.75,6316376
2025-03-25 14:30:00+00:00,120.24500274658203,120.2699966430664,119.44499969482422,119.9800033569336,6784149
2025-03-25 14:45:00+00:00,119.92500305175781,120.3499984741211,119.7699966430664,120.24500274658203,6191238
2025-03-25 15:00:00+00:00,120.07499694824219,120.27999877929688,119.9000015258789,119.91999816894531,4679002
2025-03-25 15:15:00+00:00,120.2615966796875,120.44000244140625,120.05000305175781,120.06999969482422,4626603
2025-03-25 15:30:00+00:00,120.56500244140625,120.56999969482422,120.04000091552734,120.2699966430664,3967097
2025-03-25 15:45:00+00:00,120.46489715576172,120.87000274658203,120.33000183105469,120.56849670410156,4819508
2025-03-25 16:00:00+00:00,120.76499938964844,120.93000030517578,120.46499633789062,120.46499633789062,4948934
2025-03-25 16:15:00+00:00,120.66020202636719,120.98999786376953,120.63999938964844,120.76000213623047,4443591
2025-03-25 16:30:00+00:00,120.87999725341797,120.87999725341797,120.43000030517578,120.66999816894531,3627322
2025-03-25 16:45:00+00:00,120.8949966430664,121.12999725341797,120.83000183105469,120.875,4415954
2025-03-25 17:00:00+00:00,120.84839630126953,121.41000366210938,120.83000183105469,120.8949966430664,2970008
2025-03-25 17:15:00+00:00,120.23500061035156,120.9000015258789,120.16999816894531,120.83999633789062,3855723
2025-03-25 17:30:00+00:00,120.61499786376953,120.73999786376953,120.23670196533203,120.23999786376953,3835533
2025-03-25 17:45:00+00:00,120.625,120.69000244140625,120.4000015258789,120.61000061035156,2953671
2025-03-25 18:00:00+00:00,120.78140258789062,120.81999969482422,120.44000244140625,120.62000274658203,2912760
2025-03-25 18:15:00+00:00,120.71510314941406,121.0199966430664,120.63999938964844,120.79000091552734,3683852
2025-03-25 18:30:00+00:00,120.75499725341797,120.91999816894531,120.62999725341797,120.72000122070312,2629016
2025-03-25 18:45:00+00:00,120.81999969482422,120.86699676513672,120.51000213623047,120.75,3328732
2025-03-25 19:00:00+00:00,120.73989868164062,120.93990325927734,120.6500015258789,120.80999755859375,3585631
2025-03-25 19:15:00+00:00,120.69499969482422,120.94999694824219,120.66000366210938,120.73500061035156,3630412
2025-03-25 19:30:00+00:00,120.79119873046875,121.29000091552734,120.69000244140625,120.69499969482422,6497618
2025-03-25 19:45:00+00:00,120.6449966430664,120.95999908447266,120.51000213623047,120.79499816894531,7175000
2025-03-26 13:30:00+00:00,117.58999633789062,118.83999633789062,117.37999725341797,118.75499725341797,30444018
2025-03-26 13:45:00+00:00,116.32499694824219,117.72000122070312,115.81500244140625,117.58999633789062,22265319
2025-03-26 14:00:00+00:00,115.62000274658203,116.7699966430664,115.23999786376953,116.32499694824219,18068985
2025-03-26 14:15:00+00:00,115.11499786376953,115.6355972290039,114.45500183105469,115.63500213623047,18314048
2025-03-26 14:30:00+00:00,114.97000122070312,115.43499755859375,114.93000030517578,115.11499786376953,10256793
2025-03-26 14:45:00+00:00,115.36499786376953,115.5199966430664,114.73999786376953,114.9800033569336,8849458
2025-03-26 15:00:00+00:00,115.375,115.63999938964844,115.27999877929688,115.36499786376953,7279598
2025-03-26 15:15:00+00:00,115.16500091552734,115.58999633789062,114.79000091552734,115.375,7731427
2025-03-26 15:30:00+00:00,114.90499877929688,115.4000015258789,114.83000183105469,115.16000366210938,5966025
2025-03-26 15:45:00+00:00,114.08999633789062,115.08000183105469,113.93000030517578,114.88999938964844,11285177
2025-03-26 16:00:00+00:00,113.77989959716797,114.25,113.59500122070312,114.08769989013672,11124908
2025-03-26 16:15:00+00:00,114.03500366210938,114.12999725341797,113.56999969482422,113.7750015258789,7426848
2025-03-26 16:30:00+00:00,113.8499984741211,114.27999877929688,113.80000305175781,114.03500366210938,6968369
2025-03-26 16:45:00+00:00,113.5342025756836,113.95500183105469,113.38999938964844,113.84500122070312,8978438
2025-03-26 17:00:00+00:00,113.8499984741211,113.8550033569336,113.41000366210938,113.54000091552734,6940457
2025-03-26 17:15:00+00:00,113.45999908447266,113.86000061035156,113.38999938964844,113.84500122070312,5516514
2025-03-26 17:30:00+00:00,113.02850341796875,113.4800033569336,112.70999908447266,113.46499633789062,10701935
2025-03-26 17:45:00+00:00,112.94000244140625,113.26000213623047,112.87999725341797,113.0199966430664,5901247
2025-03-26 18:00:00+00:00,113.15499877929688,113.20999908447266,112.7699966430664,112.94499969482422,5748090
2025-03-26 18:15:00+00:00,113.6449966430664,113.79000091552734,113.07499694824219,113.15499877929688,7207646
2025-03-26 18:30:00+00:00,113.09500122070312,113.7699966430664,113.05000305175781,113.6500015258789,5292403
2025-03-26 18:45:00+00:00,112.83989715576172,113.13999938964844,112.76499938964844,113.09320068359375,6963017
2025-03-26 19:00:00+00:00,113.26000213623047,113.5,112.83000183105469,112.83499908447266,7152070
2025-03-26 19:15:00+00:00,113.26499938964844,113.69999694824219,113.20999908447266,113.26499938964844,7468117
2025-03-26 19:30:00+00:00,113.625,113.67749786376953,113.18000030517578,113.26499938964844,7594348
2025-03-26 19:45:00+00:00,113.69999694824219,114.1500015258789,113.5199966430664,113.625,16454236
2025-03-27 13:30:00+00:00,111.68000030517578,112.58000183105469,110.66999816894531,111.34500122070312,35265342
2025-03-27 13:45:00+00:00,112.77999877929688,113.28739929199219,111.66000366210938,111.67500305175781,15209424
2025-03-27 14:00:00+00:00,112.9000015258789,113.05999755859375,112.07009887695312,112.78520202636719,10921227
2025-03-27 14:15:00+00:00,112.81500244140625,112.94999694824219,112.30000305175781,112.9000015258789,7098961
2025-03-27 14:30:00+00:00,113.57499694824219,113.88999938964844,112.6500015258789,112.80999755859375,10253812
2025-03-27 14:45:00+00:00,114.07569885253906,114.44999694824219,113.2301025390625,113.57499694824219,9938598
2025-03-27 15:00:00+00:00,113.59500122070312,114.31999969482422,113.45999908447266,114.07990264892578,8081379
2025-03-27 15:15:00+00:00,113.55000305175781,113.7699966430664,113.2699966430664,113.59500122070312,5651831
2025-03-27 15:30:00+00:00,112.7249984741211,113.55999755859375,112.55000305175781,113.55000305175781,7369066
2025-03-27 15:45:00+00:00,112.20500183105469,112.8499984741211,112.0999984741211,112.72000122070312,8159902
2025-03-27 16:00:00+00:00,112.5250015258789,112.58999633789062,111.95999908447266,112.20999908447266,7583565
2025-03-27 16:15:00+00:00,112.50499725341797,113.05000305175781,112.45500183105469,112.53500366210938,5862960
2025-03-27 16:30:00+00:00,112.58999633789062,112.79000091552734,112.27999877929688,112.5,4381818
2025-03-27 16:45:00+00:00,111.79499816894531,112.6500015258789,111.75,112.5801010131836,5026290
2025-03-27 17:00:00+00:00,112.15499877929688,112.18499755859375,111.69999694824219,111.79499816894531,4820396
2025-03-27 17:15:00+00:00,111.69139862060547,112.33000183105469,111.6500015258789,112.15499877929688,4233256
2025-03-27 17:30:00+00:00,111.73860168457031,111.87999725341797,111.5199966430664,111.69000244140625,4266184
2025-03-27 17:45:00+00:00,111.90399932861328,112.43000030517578,111.73999786376953,111.73999786376953,4758560
2025-03-27 18:00:00+00:00,112.27999877929688,112.53500366210938,111.83000183105469,111.9000015258789,5367140
2025-03-27 18:15:00+00:00,112.1449966430664,112.44000244140625,112.02999877929688,112.28500366210938,4047479
2025-03-27 18:30:00+00:00,112.5779037475586,112.7300033569336,111.94999694824219,112.12999725341797,4293483
2025-03-27 18:45:00+00:00,112.22000122070312,112.87000274658203,112.17500305175781,112.58000183105469,4188902
2025-03-27 19:00:00+00:00,112.70890045166016,112.72000122070312,112.15499877929688,112.20500183105469,3675937
2025-03-27 19:15:00+00:00,112.66999816894531,112.97000122070312,112.52999877929688,112.70500183105469,4545330
2025-03-27 19:30:00+00:00,112.15499877929688,112.68499755859375,112.06999969482422,112.6636962890625,5504452
2025-03-27 19:45:00+00:00,111.43000030517578,112.16999816894531,111.18000030517578,112.15499877929688,13622770
2025-03-28 13:30:00+00:00,111.981201171875,112.87000274658203,110.80999755859375,111.48500061035156,28474411
2025-03-28 13:45:00+00:00,111.55999755859375,112.40499877929688,111.2300033569336,112.0,10449563
2025-03-28 14:00:00+00:00,110.30999755859375,111.83999633789062,109.82499694824219,111.55999755859375,16535414
2025-03-28 14:15:00+00:00,109.27880096435547,110.45999908447266,109.26000213623047,110.3010025024414,11923976
2025-03-28 14:30:00+00:00,109.9749984741211,110.0,109.07990264892578,109.27999877929688,11186037
2025-03-28 14:45:00+00:00,109.72000122070312,110.11000061035156,109.47000122070312,109.9800033569336,6772107
2025-03-28 15:00:00+00:00,109.97010040283203,110.08999633789062,109.27999877929688,109.72000122070312,7030139
2025-03-28 15:15:00+00:00,109.65499877929688,110.1500015258789,109.4800033569336,109.9749984741211,5817730
2025-03-28 15:30:00+00:00,110.07009887695312,110.18389892578125,109.54499816894531,109.65499877929688,6029674
2025-03-28 15:45:00+00:00,109.38500213623047,110.1500015258789,109.3687973022461,110.07499694824219,5578878
2025-03-28 16:00:00+00:00,109.71990203857422,110.05000305175781,109.38500213623047,109.38999938964844,4808289
2025-03-28 16:15:00+00:00,109.58499908447266,109.80000305175781,109.0999984741211,109.71499633789062,7896701
2025-03-28 16:30:00+00:00,109.77999877929688,110.1449966430664,109.56999969482422,109.58000183105469,6487007
2025-03-28 16:45:00+00:00,109.51499938964844,110.05999755859375,109.43000030517578,109.77999877929688,5467620
2025-03-28 17:00:00+00:00,109.52110290527344,109.62999725341797,109.23999786376953,109.51000213623047,4938534
2025-03-28 17:15:00+00:00,109.4749984741211,109.98999786376953,109.4000015258789,109.53990173339844,5986417
2025-03-28 17:30:00+00:00,109.63999938964844,109.79750061035156,109.36000061035156,109.48500061035156,4334222
2025-03-28 17:45:00+00:00,109.88999938964844,109.93000030517578,109.5,109.63939666748047,4222222
2025-03-28 18:00:00+00:00,110.1449966430664,110.41819763183594,109.70130157470703,109.87999725341797,6328300
2025-03-28 18:15:00+00:00,110.01499938964844,110.33000183105469,109.91999816894531,110.13999938964844,4994650
2025-03-28 18:30:00+00:00,110.04000091552734,110.19000244140625,109.86280059814453,110.01100158691406,3860869
2025-03-28 18:45:00+00:00,110.3843994140625,110.38999938964844,109.87000274658203,110.03009796142578,4882134
2025-03-28 19:00:00+00:00,110.11499786376953,110.61000061035156,110.08999633789062,110.38009643554688,6443534
2025-03-28 19:15:00+00:00,109.91000366210938,110.2300033569336,109.86000061035156,110.12000274658203,6029570
2025-03-28 19:30:00+00:00,109.56500244140625,110.07859802246094,109.43000030517578,109.91000366210938,8075523
2025-03-28 19:45:00+00:00,109.63999938964844,109.87000274658203,109.4000015258789,109.55999755859375,13200522
2025-03-31 13:30:00+00:00,103.8489990234375,105.78990173339844,103.75,105.11000061035156,42819321
2025-03-31 13:45:00+00:00,104.80010223388672,105.1500015258789,103.6500015258789,103.83999633789062,16859220
2025-03-31 14:00:00+00:00,105.54499816894531,106.01000213623047,104.73090362548828,104.79000091552734,13903099
2025-03-31 14:15:00+00:00,103.88999938964844,105.58000183105469,103.77010345458984,105.54000091552734,13672982
2025-03-31 14:30:00+00:00,103.96099853515625,104.88500213623047,103.8949966430664,103.8949966430664,11446903
2025-03-31 14:45:00+00:00,104.68009948730469,104.80999755859375,103.95999908447266,103.96499633789062,8556037
2025-03-31 15:00:00+00:00,104.43000030517578,105.2698974609375,104.3499984741211,104.69000244140625,9536225
2025-03-31 15:15:00+00:00,105.1895980834961,105.52999877929688,104.37000274658203,104.4385986328125,8803099
2025-03-31 15:30:00+00:00,105.30809783935547,105.66999816894531,104.93000030517578,105.18000030517578,8362537
2025-03-31 15:45:00+00:00,105.17500305175781,105.58000183105469,105.0,105.30500030517578,5887349
2025-03-31 16:00:00+00:00,105.09500122070312,105.50990295410156,104.7699966430664,105.18000030517578,6127527
2025-03-31 16:15:00+00:00,105.9800033569336,106.01000213623047,105.00499725341797,105.0999984741211,5922072
2025-03-31 16:30:00+00:00,105.91500091552734,106.25,105.67500305175781,105.9749984741211,5803504
2025-03-31 16:45:00+00:00,105.375,106.0,105.36000061035156,105.91000366210938,4615051
2025-03-31 17:00:00+00:00,106.01000213623047,106.16000366210938,105.30999755859375,105.38009643554688,5157449
2025-03-31 17:15:00+00:00,105.72000122070312,106.06999969482422,105.54000091552734,106.0199966430664,5365154
2025-03-31 17:30:00+00:00,105.73999786376953,105.9800033569336,105.6144027709961,105.72889709472656,3203519
2025-03-31 17:45:00+00:00,105.63999938964844,105.9800033569336,105.55999755859375,105.7300033569336,3547350
2025-03-31 18:00:00+00:00,106.54499816894531,106.7699966430664,105.5999984741211,105.63999938964844,6637573
2025-03-31 18:15:00+00:00,107.55010223388672,107.56999969482422,106.37999725341797,106.54000091552734,7834056
2025-03-31 18:30:00+00:00,107.91999816894531,108.13999938964844,107.36499786376953,107.55000305175781,9407170
2025-03-31 18:45:00+00:00,107.18009948730469,107.94499969482422,107.1449966430664,107.91000366210938,7927396
2025-03-31 19:00:00+00:00,107.6500015258789,108.0,107.1500015258789,107.18499755859375,6251628
2025-03-31 19:15:00+00:00,107.23999786376953,107.79989624023438,107.12000274658203,107.63999938964844,6844804
2025-03-31 19:30:00+00:00,107.68560028076172,108.0,107.13009643554688,107.25,7526260
2025-03-31 19:45:00+00:00,108.7699966430664,108.95999908447266,107.29000091552734,107.66000366210938,22966925
2025-04-01 13:30:00+00:00,107.74019622802734,109.09369659423828,106.80000305175781,108.53250122070312,23622691
2025-04-01 13:45:00+00:00,107.55000305175781,108.55000305175781,107.33999633789062,107.74500274658203,11763887
2025-04-01 14:00:00+00:00,106.9000015258789,107.80000305175781,106.5999984741211,107.5199966430664,12307175
2025-04-01 14:15:00+00:00,107.12999725341797,107.43000030517578,106.47000122070312,106.9000015258789,9302036
2025-04-01 14:30:00+00:00,107.91780090332031,108.12000274658203,107.07499694824219,107.14350128173828,7991151
2025-04-01 14:45:00+00:00,108.34100341796875,108.5,107.7699966430664,107.91000366210938,7211413
2025-04-01 15:00:00+00:00,108.84989929199219,108.87000274658203,108.23999786376953,108.33999633789062,6561214
2025-04-01 15:15:00+00:00,108.91089630126953,109.48999786376953,108.69999694824219,108.8489990234375,9800445
2025-04-01 15:30:00+00:00,109.05500030517578,109.10980224609375,108.58000183105469,108.91999816894531,6066323
2025-04-01 15:45:00+00:00,109.35199737548828,109.48999786376953,108.94000244140625,109.05000305175781,6810825
2025-04-01 16:00:00+00:00,109.44999694824219,109.7300033569336,109.13999938964844,109.36499786376953,5893033
2025-04-01 16:15:00+00:00,109.4000015258789,109.92990112304688,109.11009979248047,109.45500183105469,6492480
2025-04-01 16:30:00+00:00,108.5634994506836,109.45500183105469,108.55999755859375,109.41000366210938,6036665
2025-04-01 16:45:00+00:00,109.03500366210938,109.3499984741211,108.44999694824219,108.57499694824219,5653904
2025-04-01 17:00:00+00:00,109.1449966430664,109.31999969482422,108.76000213623047,109.04000091552734,4328209
2025-04-01 17:15:00+00:00,108.80120086669922,109.23999786376953,108.66999816894531,109.13999938964844,3487820
2025-04-01 17:30:00+00:00,108.94999694824219,109.2300033569336,108.76000213623047,108.80000305175781,3777913
2025-04-01 17:45:00+00:00,108.57499694824219,109.0999984741211,108.51000213623047,108.94000244140625,3819922
2025-04-01 18:00:00+00:00,107.92569732666016,108.6500015258789,107.68499755859375,108.58000183105469,6178485
2025-04-01 18:15:00+00:00,107.71990203857422,107.97000122070312,107.41000366210938,107.93000030517578,5063499
2025-04-01 18:30:00+00:00,108.10990142822266,108.11000061035156,107.63999938964844,107.70999908447266,4956281
2025-04-01 18:45:00+00:00,108.15499877929688,108.31999969482422,107.75,108.11000061035156,4510239
2025-04-01 19:00:00+00:00,108.38169860839844,108.45999908447266,108.05000305175781,108.15010070800781,4763771
2025-04-01 19:15:00+00:00,108.61129760742188,108.95999908447266,108.36000061035156,108.38050079345703,6167664
2025-04-01 19:30:00+00:00,109.32499694824219,109.41000366210938,108.55999755859375,108.61000061035156,7531480
2025-04-01 19:45:00+00:00,110.1500015258789,110.19999694824219,109.25,109.32499694824219,16348187
2025-04-02 13:30:00+00:00,108.7300033569336,108.87999725341797,106.79000091552734,107.30000305175781,24862113
2025-04-02 13:45:00+00:00,108.83999633789062,109.58999633789062,108.71009826660156,108.76000213623047,9507180
2025-04-02 14:00:00+00:00,108.51010131835938,109.72000122070312,108.11000061035156,108.83999633789062,10558887
2025-04-02 14:15:00+00:00,108.99859619140625,109.27649688720703,108.33999633789062,108.51509857177734,7528731
2025-04-02 14:30:00+00:00,108.83499908447266,109.36000061035156,108.68000030517578,109.0,6108156
2025-04-02 14:45:00+00:00,109.37999725341797,109.45999908447266,108.80000305175781,108.83499908447266,5104599
2025-04-02 15:00:00+00:00,109.06500244140625,109.55000305175781,108.9749984741211,109.375,5415597
2025-04-02 15:15:00+00:00,110.25,110.48999786376953,108.8499984741211,109.06500244140625,8362430
2025-04-02 15:30:00+00:00,109.91500091552734,110.43000030517578,109.87999725341797,110.23999786376953,6017773
2025-04-02 15:45:00+00:00,109.93000030517578,110.12000274658203,109.61000061035156,109.91000366210938,5061393
2025-04-02 16:00:00+00:00,110.28019714355469,110.38999938964844,109.80000305175781,109.94000244140625,3961734
2025-04-02 16:15:00+00:00,111.15239715576172,111.15499877929688,110.2699966430664,110.27999877929688,5761208
2025-04-02 16:30:00+00:00,110.98999786376953,111.3499984741211,110.625,111.15129852294922,7004698
2025-04-02 16:45:00+00:00,111.24500274658203,111.55000305175781,110.83000183105469,110.99500274658203,7236388
2025-04-02 17:00:00+00:00,111.75,111.9800033569336,111.19999694824219,111.25,5892967
2025-04-02 17:15:00+00:00,111.23500061035156,111.77999877929688,110.1500015258789,111.75250244140625,4602490
2025-04-02 17:30:00+00:00,110.75499725341797,111.25,110.1500015258789,111.22000122070312,5524506
2025-04-02 17:45:00+00:00,110.33499908447266,110.75499725341797,110.0999984741211,110.75499725341797,5941441
2025-04-02 18:00:00+00:00,109.86499786376953,110.58000183105469,109.52999877929688,110.3301010131836,6392232
2025-04-02 18:15:00+00:00,109.32499694824219,110.03829956054688,109.31999969482422,109.86000061035156,5308860
2025-04-02 18:30:00+00:00,109.86499786376953,110.12999725341797,109.2300033569336,109.30000305175781,5187902
2025-04-02 18:45:00+00:00,108.98870086669922,109.95999908447266,108.97000122070312,109.8499984741211,4676194
2025-04-02 19:00:00+00:00,109.10489654541016,109.58000183105469,108.98500061035156,108.98500061035156,5172042
2025-04-02 19:15:00+00:00,109.6500015258789,109.69999694824219,108.8499984741211,109.0999984741211,5960491
2025-04-02 19:30:00+00:00,110.1050033569336,110.2699966430664,109.38999938964844,109.6449966430664,6439986
2025-04-02 19:45:00+00:00,110.37999725341797,110.76000213623047,110.04000091552734,110.1050033569336,12331629
